﻿<?xml version="1.0" encoding="UTF-8" standalone="yes"?>
<addon id="teamtuga4ever.repository" name="Teamtuga4ever Repository" version="1.3" provider-name="Teamtuga4ever">
	<extension point="xbmc.addon.repository" name="Teamtuga4ever Repository">
        <dir>
			<info compressed="false">https://raw.githubusercontent.com/teamrepository/teamtuga4ever/master/addons.xml</info>
			<checksum>https://raw.githubusercontent.com/teamrepository/teamtuga4ever/master/addons.xml.md5</checksum>
			<datadir zip="true">http://raw.github.com/teamrepository/teamtuga4ever/tree/master/instal/</datadir>
		</dir>
    
    <info compressed="false">http://teamtuga4everrepository.comli.com/addons.xml</info>
    <checksum>http://teamtuga4everrepository.comli.com/addons.xml.md5</checksum>
    <datadir zip="true">http://teamtuga4everrepository.comli.com/instal/</datadir>

	</extension>
	<extension point="xbmc.addon.metadata">
		<summary>Equipe TeamTuga4ever</summary>
		<description>teamtuga4ever Repository</description>
		<platform>all</platform>
	</extension>
</addon>